[
  {
    "level_2_price": 25,
    "type_id": 1,
    "product_use_case_3": "elementary education",
    "CPU": 1,
    "level_3_price": 23,
    "product_use_case_1": "kiosk displays",
    "product_use_case_2": "document editing",
    "specs": "1 CPU 512 MB",
    "os_type": "windows",
    "product_description": "Our entry-level Drop",
    "level_1_price": 28,
    "raindrop_type": "tiny",
    "RAM": "512MB"
  },
  {
    "level_2_price": 32,
    "type_id": 2,
    "product_use_case_3": "elementary education",
    "CPU": 1,
    "level_3_price": 28,
    "product_use_case_1": "kiosk displays",
    "product_use_case_2": "document editing",
    "specs": "1 CPU 1 GB",
    "os_type": "windows",
    "product_description": "Our light use Drop",
    "level_1_price": 35,
    "raindrop_type": "mini",
    "RAM": "1GB"
  },
  {
    "level_2_price": 45,
    "type_id": 3,
    "product_use_case_3": "education",
    "CPU": 1,
    "level_3_price": 40,
    "product_use_case_1": "sales department",
    "product_use_case_2": "spreadsheet editing",
    "specs": "1 CPU 2 GB",
    "os_type": "windows",
    "product_description": "Our most popular Drop",
    "level_1_price": 50,
    "raindrop_type": "small",
    "RAM": "2GB"
  },
  {
    "level_2_price": 58,
    "type_id": 4,
    "product_use_case_3": "light engineering",
    "CPU": 2,
    "level_3_price": 52,
    "product_use_case_1": "accounting",
    "product_use_case_2": "home office",
    "specs": "2 CPU 4 GB",
    "os_type": "windows",
    "product_description": "Most popular workstation",
    "level_1_price": 65,
    "raindrop_type": "medium",
    "RAM": "4GB"
  },
  {
    "level_2_price": 92,
    "type_id": 5,
    "product_use_case_3": "light statistics",
    "CPU": 2,
    "level_3_price": 82,
    "product_use_case_1": "engineering",
    "product_use_case_2": "marketing",
    "specs": "2 CPU 8 GB",
    "os_type": "windows",
    "product_description": "The serious workhorse",
    "level_1_price": 102,
    "raindrop_type": "large",
    "RAM": "8GB"
  },
  {
    "level_2_price": 177,
    "type_id": 6,
    "product_use_case_3": "statistics",
    "CPU": 4,
    "level_3_price": 157,
    "product_use_case_1": "engineering",
    "product_use_case_2": "marketing",
    "specs": "4 CPU 16 GB",
    "os_type": "windows",
    "product_description": "The really serious workhorse",
    "level_1_price": 196,
    "raindrop_type": "liter",
    "RAM": "16GB"
  },
  {
    "level_2_price": 334,
    "type_id": 7,
    "product_use_case_3": "statistics",
    "CPU": 8,
    "level_3_price": 297,
    "product_use_case_1": "engineering",
    "product_use_case_2": "marketing",
    "specs": "8 CPU 32 GB",
    "os_type": "windows",
    "product_description": "The most serious workhorse",
    "level_1_price": 371,
    "raindrop_type": "gallon",
    "RAM": "32GB"
  },
  {
    "level_2_price": 22,
    "type_id": 8,
    "product_use_case_3": "elementary education",
    "CPU": 1,
    "level_3_price": 20,
    "product_use_case_1": "kiosk displays",
    "product_use_case_2": "document editing",
    "specs": "1 CPU 512 MB",
    "os_type": "linux",
    "product_description": "Our entry-level Drop",
    "level_1_price": 25,
    "raindrop_type": "tiny",
    "RAM": "512MB"
  },
  {
    "level_2_price": 26,
    "type_id": 9,
    "product_use_case_3": "elementary education",
    "CPU": 1,
    "level_3_price": 23,
    "product_use_case_1": "kiosk displays",
    "product_use_case_2": "document editing",
    "specs": "1 CPU 1 GB",
    "os_type": "linux",
    "product_description": "Our light use Drop",
    "level_1_price": 29,
    "raindrop_type": "mini",
    "RAM": "1GB"
  },
  {
    "level_2_price": 33,
    "type_id": 10,
    "product_use_case_3": "education",
    "CPU": 1,
    "level_3_price": 29,
    "product_use_case_1": "sales department",
    "product_use_case_2": "spreadsheet editing",
    "specs": "1 CPU 2 GB",
    "os_type": "linux",
    "product_description": "Our most popular Drop",
    "level_1_price": 36,
    "raindrop_type": "small",
    "RAM": "2GB"
  },
  {
    "level_2_price": 46,
    "type_id": 11,
    "product_use_case_3": "light engineering",
    "CPU": 2,
    "level_3_price": 41,
    "product_use_case_1": "accounting",
    "product_use_case_2": "home office",
    "specs": "2 CPU 4 GB",
    "os_type": "linux",
    "product_description": "Most popular workstation",
    "level_1_price": 51,
    "raindrop_type": "medium",
    "RAM": "4GB"
  },
  {
    "level_2_price": 74,
    "type_id": 12,
    "product_use_case_3": "light statistics",
    "CPU": 2,
    "level_3_price": 65,
    "product_use_case_1": "engineering",
    "product_use_case_2": "marketing",
    "specs": "2 CPU 8 GB",
    "os_type": "linux",
    "product_description": "The serious workhorse",
    "level_1_price": 82,
    "raindrop_type": "large",
    "RAM": "8GB"
  },
  {
    "level_2_price": 128,
    "type_id": 13,
    "product_use_case_3": "statistics",
    "CPU": 4,
    "level_3_price": 114,
    "product_use_case_1": "engineering",
    "product_use_case_2": "marketing",
    "specs": "4 CPU 16 GB",
    "os_type": "linux",
    "product_description": "The really serious workhorse",
    "level_1_price": 142,
    "raindrop_type": "liter",
    "RAM": "16GB"
  },
  {
    "level_2_price": 238,
    "type_id": 14,
    "product_use_case_3": "statistics",
    "CPU": 8,
    "level_3_price": 211,
    "product_use_case_1": "engineering",
    "product_use_case_2": "marketing",
    "specs": "8 CPU 32 GB",
    "os_type": "linux",
    "product_description": "The most serious workhorse",
    "level_1_price": 264,
    "raindrop_type": "gallon",
    "RAM": "32GB"
  }
]
